{"max":0.7030048966407776,"max_step":0,"min":0.16329558715224265,"min_step":20,"num":25}