{"max":0.04512177035212517,"max_step":0,"min":3.480491272966901e-8,"min_step":9,"num":10}