{"max":0.10879812389612198,"max_step":0,"min":0.03934359923005104,"min_step":1,"num":5}