{"max":0.02947511337697506,"max_step":0,"min":3.480491272966901e-8,"min_step":4,"num":5}