{"max":0.23997637629508972,"max_step":1,"min":0.17528288066387177,"min_step":9,"num":12}