{"max":0.7399956583976746,"max_step":0,"min":8.262538358394522e-6,"min_step":99,"num":100}