{"max":0.9016622602939606,"max_step":0,"min":2.168114406231325e-6,"min_step":9,"num":10}