{"max":0.04677208513021469,"max_step":0,"min":0.0355471670627594,"min_step":5,"num":10}