{"max":0.23721589893102646,"max_step":1,"min":0.20456461732586226,"min_step":11,"num":12}