{"max":0.6755459100008011,"max_step":0,"min":0.07522611264139414,"min_step":21,"num":25}