{"max":0.7492515921592713,"max_step":0,"min":0.48786352574825287,"min_step":16,"num":25}